section,metric,value,note
headline,GW-OTHER refunds (count),991.0,"Requires review - not proof of mis-coding or misconduct; text categories come from deterministic rules and are QA prompts, not a source of record"
headline,GW-OTHER refund value (INR),2907036.0,"Requires review - not proof of mis-coding or misconduct; text categories come from deterministic rules and are QA prompts, not a source of record"
headline,GW-OTHER % of total canonical refund value,43.32,"Requires review - not proof of mis-coding or misconduct; text categories come from deterministic rules and are QA prompts, not a source of record"
headline,GW-OTHER refunds above Rs 500 (count) - requires review,879.0,"Requires review - not proof of mis-coding or misconduct; text categories come from deterministic rules and are QA prompts, not a source of record"
headline,GW-OTHER refunds above Rs 500 (% of GW-OTHER refunds),88.7,"Requires review - not proof of mis-coding or misconduct; text categories come from deterministic rules and are QA prompts, not a source of record"
headline,"GW-OTHER refunds above Rs 500 (value, INR)",2871632.0,"Requires review - not proof of mis-coding or misconduct; text categories come from deterministic rules and are QA prompts, not a source of record"
headline,GW-OTHER above Rs 500: % of total canonical refund value,42.8,"Requires review - not proof of mis-coding or misconduct; text categories come from deterministic rules and are QA prompts, not a source of record"
over_cap_text_signal,note/message names a specific non-goodwill reason (possible mis-coding),708.0,"Requires review - not proof of mis-coding or misconduct; text categories come from deterministic rules and are QA prompts, not a source of record"
over_cap_text_signal,text itself says goodwill/gesture,13.0,"Requires review - not proof of mis-coding or misconduct; text categories come from deterministic rules and are QA prompts, not a source of record"
over_cap_text_signal,text uninformative (topic unknown),158.0,"Requires review - not proof of mis-coding or misconduct; text categories come from deterministic rules and are QA prompts, not a source of record"
text_derived_category_all_gw_other,cancel,121.0,"Requires review - not proof of mis-coding or misconduct; text categories come from deterministic rules and are QA prompts, not a source of record"
text_derived_category_above_cap,cancel,105.0,"Requires review - not proof of mis-coding or misconduct; text categories come from deterministic rules and are QA prompts, not a source of record"
text_derived_category_all_gw_other,damaged_wrong,91.0,"Requires review - not proof of mis-coding or misconduct; text categories come from deterministic rules and are QA prompts, not a source of record"
text_derived_category_above_cap,damaged_wrong,78.0,"Requires review - not proof of mis-coding or misconduct; text categories come from deterministic rules and are QA prompts, not a source of record"
text_derived_category_all_gw_other,dup_payment,154.0,"Requires review - not proof of mis-coding or misconduct; text categories come from deterministic rules and are QA prompts, not a source of record"
text_derived_category_above_cap,dup_payment,134.0,"Requires review - not proof of mis-coding or misconduct; text categories come from deterministic rules and are QA prompts, not a source of record"
text_derived_category_all_gw_other,goodwill,13.0,"Requires review - not proof of mis-coding or misconduct; text categories come from deterministic rules and are QA prompts, not a source of record"
text_derived_category_above_cap,goodwill,13.0,"Requires review - not proof of mis-coding or misconduct; text categories come from deterministic rules and are QA prompts, not a source of record"
text_derived_category_all_gw_other,lost_transit,78.0,"Requires review - not proof of mis-coding or misconduct; text categories come from deterministic rules and are QA prompts, not a source of record"
text_derived_category_above_cap,lost_transit,73.0,"Requires review - not proof of mis-coding or misconduct; text categories come from deterministic rules and are QA prompts, not a source of record"
text_derived_category_all_gw_other,price_adj,32.0,"Requires review - not proof of mis-coding or misconduct; text categories come from deterministic rules and are QA prompts, not a source of record"
text_derived_category_above_cap,price_adj,24.0,"Requires review - not proof of mis-coding or misconduct; text categories come from deterministic rules and are QA prompts, not a source of record"
text_derived_category_all_gw_other,return_qc,273.0,"Requires review - not proof of mis-coding or misconduct; text categories come from deterministic rules and are QA prompts, not a source of record"
text_derived_category_above_cap,return_qc,236.0,"Requires review - not proof of mis-coding or misconduct; text categories come from deterministic rules and are QA prompts, not a source of record"
text_derived_category_all_gw_other,unknown,169.0,"Requires review - not proof of mis-coding or misconduct; text categories come from deterministic rules and are QA prompts, not a source of record"
text_derived_category_above_cap,unknown,158.0,"Requires review - not proof of mis-coding or misconduct; text categories come from deterministic rules and are QA prompts, not a source of record"
text_derived_category_all_gw_other,warranty,60.0,"Requires review - not proof of mis-coding or misconduct; text categories come from deterministic rules and are QA prompts, not a source of record"
text_derived_category_above_cap,warranty,58.0,"Requires review - not proof of mis-coding or misconduct; text categories come from deterministic rules and are QA prompts, not a source of record"
